74850,0,TEXT,http://www.roseindia.net/java/java-get-example/java-binary-tree-insert.shtml
74851,0,TEXT,http://www.roseindia.net/java/java-get-example/java-binary-tree-code.shtml
10127,0,TEXT,http://www.javacoffeebreak.com/books/extracts/javanotesv3/c11/ex-11-5-answer.html
11752,0,TEXT,http://www.java-tips.org/java-se-tips/java.lang/binary-search-tree-implementation-in-java.html
21778,0,TEXT,http://www.java-tips.org/java-se-tips/java.lang/binary-search-tree-implementation-in-java-8.html
21148,0,TEXT,http://www.java-tips.org/java-se-tips/java.lang/binary-search-tree-implementation-in-java-5.html
14354,0,TEXT,http://www.java-tips.org/java-se-tips/java.lang/binary-search-tree-implementation-in-java-3.html
15846,0,TEXT,http://www.java-tips.org/java-se-tips/java.lang/binary-search-tree-implementation-in-java-2.html
3928,0,TEXT,http://www.developer.com/java/other/article.php/10936_3795251_3/Java-Ordered-Collections-Trees-and-Skip-Lists.htm
11753,0,TEXT,http://www.java-tips.org/java-se-tips/java.lang/red-black-tree-implementation-in-java.html
21772,0,TEXT,http://www.java-tips.org/java-se-tips/java.lang/red-black-tree-implementation-in-java-7.html
14417,0,TEXT,http://www.java-tips.org/java-se-tips/java.lang/red-black-tree-implementation-in-java-2.html
21147,0,TEXT,http://www.java-tips.org/java-se-tips/java.lang/red-black-tree-implementation-in-java-3.html
16981,0,TEXT,http://www.java-tips.org/java-se-tips/java.lang/red-black-tree-implementation-in-java-4.html
79339,0,TEXT,http://www.java-samples.com/forprinting.php?tutorialid=556
10126,0,TEXT,http://www.javacoffeebreak.com/books/extracts/javanotesv3/c11/ex-11-4-answer.html
75190,0,TEXT,http://www.roseindia.net/java/java-conversion/BinaryToHexa.shtml
7776,8,TEXT,http://www.developer.com/java/other/article.php/10936_3726461_2/Working-with-Axis2-Making-a-Java-Class-into-a-Service.htm
75186,0,TEXT,http://www.roseindia.net/java/java-conversion/DecimalToBinary.shtml
6304,0,TEXT,http://www.developer.com/java/other/article.php/939061/Simple-TreeModel-Example-Infinite-Binary-Tree.htm
76461,0,TEXT,http://www.roseindia.net/javajdktutorials/c11/ex-11-5-answer.shtml
4887,0,TEXT,http://www.developer.com/java/ent/article.php/939061/Simple-TreeModel-Example-Infinite-Binary-Tree.htm
2856,4,TEXT,http://www.developer.com/java/other/article.php/10936_3330861_5/SWT-Programming-with-Eclipse.htm
75234,0,TEXT,http://www.roseindia.net/java/java-conversion/NumberToBinary.shtml
9890,2,TEXT,http://www.javacoffeebreak.com/books/extracts/javanotesv3/c11/quiz.html
74842,0,TEXT,http://www.roseindia.net/java/java-get-example/java-binary-decimal.shtml
4274,0,TEXT,http://www.developer.com/java/data/article.php/1433011/Using-Unicode-Order-to-Create-Data-Aware-Alphanumeric-Search-Trees.htm
75246,0,TEXT,http://www.roseindia.net/java/java-conversion/convert-text-to-binary.shtml
75194,0,TEXT,http://www.roseindia.net/java/java-conversion/HexadecimalToBinaryAndLong.shtml
9889,0,TEXT,http://www.javacoffeebreak.com/books/extracts/javanotesv3/c11/exercises.html
75189,0,TEXT,http://www.roseindia.net/java/java-conversion/BinaryToDecima.shtml
10124,0,TEXT,http://www.javacoffeebreak.com/books/extracts/javanotesv3/c11/ex-11-2-answer.html
12637,0,TEXT,http://www.java-tips.org/java-se-tips/java.lang/priority-queue-binary-heap-implementation-in-3.html
11755,0,TEXT,http://www.java-tips.org/java-se-tips/java.lang/priority-queue---binary-heap---implementation-in-java.html
75145,0,TEXT,http://www.roseindia.net/java/beginners/DataConversion.shtml
75711,0,TEXT,http://www.roseindia.net/java/example/java/swing/JTreeTraverse.shtml
76165,0,TEXT,http://www.roseindia.net/java/beginners/arrayexamples/heapSort.shtml
11754,0,TEXT,http://www.java-tips.org/java-se-tips/java.lang/aa-tree-implementation-in-java.html
79828,0,TEXT,http://www.java-samples.com/forprinting.php?tutorialid=1136
1663,22,TEXT,http://www.zetcode.com/tutorials/javagnometutorial/advancedwidgets
21766,0,TEXT,http://www.java-tips.org/java-se-tips/java.lang/aa-tree-implementation-in-java-4.html
1360,40,TEXT,http://www.zetcode.com/tutorials/mysqlcapitutorial
21760,0,TEXT,http://www.java-tips.org/java-se-tips/java.lang/priority-queue-binary-heap-implementation-in.html
21146,0,TEXT,http://www.java-tips.org/java-se-tips/java.lang/aa-tree-implementation-in-java-2.html
14404,0,TEXT,http://www.java-tips.org/java-se-tips/java.lang/aa-tree-implementation-in-java-10.html
17048,0,TEXT,http://www.java-tips.org/java-se-tips/java.lang/aa-tree-implementation-in-java-3.html
17058,0,TEXT,http://www.java-tips.org/java-se-tips/java.lang/priority-queue-binary-heap-implementation-in-5.html
21145,0,TEXT,http://www.java-tips.org/java-se-tips/java.lang/priority-queue-binary-heap-implementation-in-4.html
14370,0,TEXT,http://www.java-tips.org/java-se-tips/java.lang/priority-queue-binary-heap-implementation-in-2.html
75708,0,TEXT,http://www.roseindia.net/java/example/java/swing/JTreeNone.shtml
29322,0,CODE,http://www.exampledepot.com/egs/javax.swing.tree/ExpandAll.html
7103,2,TEXT,http://www.developer.com/java/other/article.php/3386271
5821,2,TEXT,http://www.developer.com/java/other/article.php/3386271/Understanding-Base64-Data.htm
13034,0,TEXT,http://www.java-tips.org/java-me-tips/midp/how-to-send-binary-sms-message-on-mobile-device-2.html
77200,0,CODE,http://danzig.jct.ac.il/java_class/technical.html
7795,16,TEXT,http://www.developer.com/java/other/article.php/10936_3621276_2/Typed-and-Targeted-Property-Change-Events-in-Java.htm
74730,0,TEXT,http://www.roseindia.net/java/java-get-example/get-blob.shtml
76126,0,TEXT,http://www.roseindia.net/javajdktutorials/c11/exercises.shtml
29329,0,CODE,http://www.exampledepot.com/egs/javax.swing.tree/GetNodes.html
74457,1,CODE,http://www.devdaily.com/java/swing/tame/tree/WideCellEditor.java.shtml
502,0,TEXT,http://java.sun.com/docs/books/tutorial/uiswing/events/treeexpansionlistener.html
76129,8,TEXT,http://www.roseindia.net/javajdktutorials/c12/s2.shtml
76998,4,TEXT,http://en.wikibooks.org/wiki/Java_Programming/API/java.lang.Object
504,0,TEXT,http://java.sun.com/docs/books/tutorial/uiswing/events/treeselectionlistener.html
4735,2,TEXT,http://www.developer.com/java/ent/article.php/964131/Genetic-Algorithms-Simulating-Evolution-on-the-Computer-Part-1.htm
5981,2,TEXT,http://www.developer.com/java/other/article.php/964131/Genetic-Algorithms-Simulating-Evolution-on-the-Computer-Part-1.htm
12576,0,TEXT,http://www.java-tips.org/java-se-tips/java.lang/conversion-from-decimal-to-binary.html
76460,0,TEXT,http://www.roseindia.net/javajdktutorials/c11/ex-11-4-answer.shtml
12572,0,TEXT,http://www.java-tips.org/java-se-tips/java.lang/binary-search-implementation-in-java-2.html
12640,0,TEXT,http://www.java-tips.org/java-se-tips/java.lang/recursive-binary-search-implementation-in-java-3.html
19023,0,TEXT,http://www.java-tips.org/java-me-tips/midp/how-to-send-binary-sms-message-on-mobile-device-4.html
14472,0,TEXT,http://www.java-tips.org/java-me-tips/midp/how-to-send-binary-sms-message-on-mobile-device-3.html
16814,0,TEXT,http://www.java-tips.org/java-me-tips/midp/how-to-send-binary-sms-message-on-mobile-device.html
75826,0,TEXT,http://www.roseindia.net/java/example/java/util/finding-preference-preference-tree.shtml
10129,2,TEXT,http://www.javacoffeebreak.com/books/extracts/javanotesv3/c11/ex-11-7-answer.html
76463,2,TEXT,http://www.roseindia.net/javajdktutorials/c11/ex-11-7-answer.shtml
80220,4,TEXT,http://www.java-samples.com/forprinting.php?tutorialid=505
12908,0,TEXT,http://www.java-tips.org/java-se-tips/org.w3c.dom/how-to-traverse-the-dom-tree-as-a-list-2.html
13757,0,TEXT,http://www.java-tips.org/other-api-tips/netbeans/decorating-an-entire-tree-of-nodes.html
74453,1,CODE,http://www.devdaily.com/java/swing/tame/tree/IconNodeRenderer.java.shtml
75454,1,CODE,http://www.roseindia.net/java/jdk6/map-interface.shtml
76699,16,TEXT,http://www.roseindia.net/javacertification/scjp5/primitivewrapperclasses.shtml
8308,0,TEXT,http://www.developer.com/java/other/article.php/10936_1488051_3/The-Servlet-Container-Model.htm
21459,0,TEXT,http://www.java-tips.org/other-api-tips/netbeans/decorating-an-entire-tree-of-nodes-3.html
20864,0,TEXT,http://www.java-tips.org/other-api-tips/netbeans/decorating-an-entire-tree-of-nodes-2.html
10130,4,TEXT,http://www.javacoffeebreak.com/books/extracts/javanotesv3/c11/quiz-answers.html
81002,0,TEXT,http://www.java-samples.com/j2me/api/java/io/DataOutput.html
5034,4,TEXT,http://www.developer.com/java/other/article.php/10936_3603066_2/Understanding-the-Huffman-Data-Compression-Algorithm-in-Java.htm
12909,0,TEXT,http://www.java-tips.org/java-se-tips/org.w3c.dom/how-to-traverse-the-dom-tree-using-treewalker-2.html
75702,0,TEXT,http://www.roseindia.net/java/example/java/swing/displayingjtreedata-in-java.shtml
17198,0,TEXT,http://www.java-tips.org/java-se-tips/org.w3c.dom/how-to-traverse-the-dom-tree-as-a-list-3.html
18870,0,TEXT,http://www.java-tips.org/java-se-tips/org.w3c.dom/how-to-traverse-the-dom-tree-as-a-list-4.html
29326,0,CODE,http://www.exampledepot.com/egs/javax.swing.tree/Tree2Path.html
29319,0,CODE,http://www.exampledepot.com/egs/javax.swing.tree/ExpandEvent.html
76003,2,TEXT,http://www.roseindia.net/javatutorials/javaapi.shtml
75713,0,TEXT,http://www.roseindia.net/java/example/java/swing/retrieving-jtree-structure-from.shtml
29327,0,CODE,http://www.exampledepot.com/egs/javax.swing.tree/FindNode.html
81010,0,TEXT,http://www.java-samples.com/j2me/api/java/io/EOFException.html
21887,0,TEXT,http://www.java-tips.org/java-se-tips/java.lang/conversion-from-decimal-to-binary-7.html
15841,0,TEXT,http://www.java-tips.org/java-se-tips/java.lang/binary-search-implementation-in-java-5.html
